{"cameraMode":{"drawMode":0,"name":"Shaded","section":"Shading Mode"},"sceneLighting":true,"audioPlay":false,"sceneViewState":{"m_AlwaysRefresh":false,"showFog":true,"showSkybox":true,"showFlares":true,"showImageEffects":true,"showParticleSystems":true,"showVisualEffectGraphs":true,"m_FxEnabled":true},"in2DMode":false,"pivot":{"x":560.8286743164063,"y":150.94300842285157,"z":3.19696044921875},"rotation":{"x":-0.030305124819278718,"y":-0.003901425749063492,"z":0.0001184514767373912,"w":-0.9995354413986206},"size":375.0083923339844,"orthographic":false}